feature,coefficient
Experience (Years),8.367823112337973
Projects Count,4.680829145261286
score_bm25,0.14369532189382517
Salary Expectation ($),-0.007358265221038319
rank_bm25,-0.37343100505989935
percentile_bm25,-0.3890376089053624
score_tfidf,-0.6281184897993726
percentile_tfidf,-0.8973989348080574
rank_tfidf,-1.6380371893587318
