{
  "accuracy": 0.994,
  "roc_auc": 1.0,
  "classification_report": {
    "0": {
      "precision": 0.9690721649484536,
      "recall": 1.0,
      "f1-score": 0.9842931937172775,
      "support": 188.0
    },
    "1": {
      "precision": 1.0,
      "recall": 0.9926108374384236,
      "f1-score": 0.9962917181705809,
      "support": 812.0
    },
    "accuracy": 0.994,
    "macro avg": {
      "precision": 0.9845360824742269,
      "recall": 0.9963054187192117,
      "f1-score": 0.9902924559439292,
      "support": 1000.0
    },
    "weighted avg": {
      "precision": 0.9941855670103094,
      "recall": 0.994,
      "f1-score": 0.9940359955733599,
      "support": 1000.0
    }
  },
  "n_train": 4000,
  "n_test": 1000,
  "features": [
    "AI Score (0-100)",
    "Experience (Years)",
    "Projects Count",
    "Salary Expectation ($)",
    "score_tfidf",
    "score_bm25",
    "rank_tfidf",
    "percentile_tfidf",
    "rank_bm25",
    "percentile_bm25"
  ],
  "class_distribution_train": {
    "Hire": 3248,
    "Reject": 752
  }
}