feature,coefficient
AI Score (0-100),10.728122037631886
Experience (Years),2.4553152740054403
Projects Count,1.4113652675141226
Salary Expectation ($),0.08382492131686761
score_bm25,-0.04912665261024584
percentile_bm25,-0.04984289244089114
rank_bm25,-0.14895949719960186
score_tfidf,-0.20124316180709814
percentile_tfidf,-0.5112281618470581
rank_tfidf,-0.7440232951143371
