feature,coefficient
Experience (Years),8.367823112338066
Projects Count,4.680829145261339
score_bm25,0.14369532189381806
Salary Expectation ($),-0.007358265221041291
rank_bm25,-0.37343100505990534
percentile_bm25,-0.3890376089053582
score_tfidf,-0.6281184897994317
percentile_tfidf,-0.8973989348079681
rank_tfidf,-1.638037189358699
