feature,coefficient
AI Score (0-100),10.742604762788954
Experience (Years),2.3490378235469302
Projects Count,1.3476157313645585
Salary Expectation ($),0.09420358062425022
score_bm25,0.06958994020470938
rank_bm25,-0.12035659388357826
percentile_tfidf,-0.1511930578028581
percentile_bm25,-0.1597325485512754
score_tfidf,-0.34489479506453724
rank_tfidf,-0.503407565047127
