feature,coefficient
AI Score (0-100),10.74260476278895
Experience (Years),2.349037823546913
Projects Count,1.3476157313645465
Salary Expectation ($),0.09420358062425176
score_bm25,0.06958994020472907
rank_bm25,-0.12035659388356466
percentile_tfidf,-0.15119305780285353
percentile_bm25,-0.15973254855128347
score_tfidf,-0.3448947950645183
rank_tfidf,-0.5034075650471022
